# Explicitly reviewed surface forms in the first example; no display-notation inference.
te-iru|読んでいます
koto-ga-dekiru|ことができます
ta-koto-ga-aru|たことがあります
ni-iku|に行きます
tari-tari|読んだりテレビを見たりします
sugiru|すぎました
te-connective|起きて
te-miru|てみて
te-shimau|てしまいました
i-adj-present|おもしろいです
na-adj-present|静かです
na-adj-negative|じゃないです
na-adj-past|でした
na-adj-past-negative|じゃなかったです
ku-naru-ni-naru|になりました
kamoshirenai|かもしれません
ga-aru|があります
ga-iru|がいます
mada|まだ
mou|もう
shika-nai|しかありません
ga-but|が
kara-because|から
nakereba-naranai|なければなりません
counters|三つ
no-wa-desu|のは
n4-rareru|褒められた
n4-saseru|食べさせた
n4-saserareru|食べさせられた
n4-potential|話せます
n4-tekuru|降ってきた
n4-teageru|てあげた
n4-temorau|手伝ってもらった
n4-tekureru|作ってくれた
n4-koto-ni-suru|ことにした
n4-koto-ni-naru|ことになりました
n4-you-ni-suru|ようにしています
n4-you-ni-naru|ようになりました
n4-hajimeru|始めた
n4-tsuzukeru|続けた
n4-owaru|終わりました
n4-sou-appearance|そうだ
n4-imperative|しろ
n4-adj-sugiru|すぎる
n4-ku-suru|明るくした
n4-garu|怖がっている
n4-yori|より
n4-ichiban|一番
n4-rashii-adj|らしい
n4-sou-hearsay|そうだ
n4-you-ni-purpose|ように
n4-shi|し
n4-tokoro-da|ところです
n4-to-conditional|と
n4-relative-clause|昨日買った
n4-koto-ga-aru|ことがある
n4-toka|とか
n4-hodo-nai|ほど暑くない
n4-tagaru|たがっている
n4-kakeru|かけ
n4-kiru|切った
n4-naosu|直して
n4-au|合っている
n4-koto-wa-ga|ことは食べたが
n4-sasete-morau|させてもらいます
n4-you-to-suru|ようとした
n4-tokini|時
n4-noni-purpose|のに
n4-te-sumu|ずにすんだ
n4-te-shimau-casual|ちゃった
n4-dasu|出した
n4-wasureru|忘れた
n4-souni-suru|ふりをした
n4-no-wa-da|のは
n3-nuku|抜いた
n3-te-naranai|でならない
n3-wari-ni|割に
n3-ppoi-negative|っぽい
n3-totan|たとたん
n3-sai-ni|際
n3-toori|とおりに
n3-ijou-wa|以上は
n3-ippou-de|一方で
n3-sae-ba|さえあれば
n3-keigo-sonkei|お帰りになりました
n3-keigo-kenjou|ご案内いたします
n3-toshite-mo|にしても
n3-koto-ni-natte-iru|ことになっている
n3-tewa-tewa|ては
n3-you-ni-to|ように言われた
n3-koto-ni-suru-2|ことにしている
n2-tabi-ni|たびに
n2-meku|めいてきた
n1-tari-tomo-nai|たりとも
n1-de-are-de-are|であれ
n1-ni-taeru|に堪える
n1-wo-yoginaku-sareru|を余儀なくされた
n1-to-ii-to-ii|といい
n1-sobireru|そびれて
n1-ni-itaru|に至った
n1-you-ni-mo-nai|買おうにも買えない
n1-n-bakari-ni|んばかりの
n1-ni-soku-suru|に即した
n1-wo-yoginaku-saseru|を余儀なくさせた
n1-nakushite|なくして
n1-nari-nari|なり
n1-tsu-tsu|行きつ戻りつ
n1-bakarikamade|ばかりか
n1-hitoridake denaku|ひとりの問題だけでなく
n1-meku|めいた
n1-mono-explanation|もの
n1-mononara|ものなら
n1-youdewanaika|頑張ろうではないか
n1-shimatsuda|始末だ
n1-naimonoka2|ないものか
n1-kai-ga-aru|甲斐があって
keigo-sonkeigo-oninaru|お帰りになりました
keigo-sonkeigo-reraru|来られます
keigo-sonkeigo-irassharu|いらっしゃいます
keigo-sonkeigo-ossharu|おっしゃった
keigo-sonkeigo-meshiagaru|召し上がって
keigo-sonkeigo-goranninaru|ご覧になりました
keigo-sonkeigo-nasaru|なさいます
keigo-sonkeigo-kudasaru|くださいました
keigo-sonkeigo-okudasaru|お待ちください
keigo-kenjougo-osuru|お持ちします
keigo-kenjougo-mairu|参ります
keigo-kenjougo-mousu|申します
keigo-kenjougo-moushiageru|申し上げたい
keigo-kenjougo-itadaku|いただきます
keigo-kenjougo-haikensuru|拝見して
keigo-kenjougo-zonjiru|存じております
keigo-kenjougo-zonjiageru|存じ上げております
keigo-kenjougo-itasu|いたします
keigo-kenjougo-sashiageru|差し上げました
keigo-kenjougo-ukagau|お伺いして
keigo-kenjougo-oru|おります
keigo-teinei-sasete-itadaku|休ませていただきます
keigo-sonkeigo-okudasai|お座りください
keigo-sonkeigo-teirassharu|待っていらっしゃいます
keigo-sonkeigo-omieninaru|お見えになりました
keigo-sonkeigo-okoshininaru|お越しになりました
keigo-sonkeigo-oideninaru|おいでになります
keigo-sonkeigo-omotomeninaru|お求めになりました
keigo-sonkeigo-goriyouninaru|ご利用になります
keigo-kenjougo-haishakusuru|拝借して
keigo-kenjougo-haidokusuru|拝読いたしました
keigo-kenjougo-omenikakaru|お目にかかれて
keigo-kenjougo-uketamawaru|承りました
keigo-kenjougo-choudaisuru|頂戴できます
keigo-kenjougo-odenwasashiageru|お電話を差し上げます
keigo-sonkeigo-tamawaru|賜ります
keigo-sonkeigo-ooseninaru|仰せになった
keigo-sonkeigo-asobasu|お出かけ遊ばしました
keigo-sonkeigo-goranninaru-kudasu|ご理解くださいます
keigo-sonkeigo-rareru-bungo|給う
keigo-sonkeigo-meshimasu|召して
keigo-sonkeigo-gorankudasai|ご高覧
keigo-sonkeigo-oanjiaremasenu|ご高配
keigo-sonkeigo-ossharuhiniku|ご笑覧
keigo-kenjougo-tatematsuru|奉る
keigo-kenjougo-haichou|拝聴いたしました
keigo-kenjougo-haijousuru|拝受いたしました
keigo-kenjougo-tsutsushinde|謹んで
keigo-kenjougo-guchimoushiageru|愚見
keigo-kenjougo-heikou|弊社
keigo-kenjougo-sesshou|拙著
keigo-kenjougo-onrei|御礼申し上げます
keigo-kenjougo-sanjouitasu|参上いたします
keigo-kenjougo-zoujisuru|贈呈いたします
keigo-kenjougo-haizensuru|お持ちいたしました
keigo-teinei-saseteitadakuuses|させていただきます
keigo-teinei-osoreirimashitsuki|恐縮ですが
keigo-teinei-makotoni|誠に
keigo-bikago-keijou|様
keigo-business-mailkaishibun|平素より
keigo-business-mailshimebun|末筆ながら
keigo-business-nantozosamaku|何卒
keigo-business-goyouken|ご用件をお伺いして
keigo-business-gokitainikotaerareru|ご期待に沿えず
keigo-business-gojiainokudasaimase|ご自愛ください
keigo-sonkeigo-gokurou|お疲れ様です
keigo-kenjougo-mairushinchuu|の折には
keigo-kenjougo-osagashisuru|お調べいたします
keigo-bikago-omizu|お水
keigo-bikago-ocha|お茶
keigo-bikago-okane|お金
keigo-bikago-onamae|お名前
keigo-bikago-onaka|お腹
keigo-bikago-obentou|お弁当
keigo-bikago-omiyage|お土産
keigo-bikago-omatsuri|お祭り
keigo-bikago-gohan|ご飯
keigo-bikago-gokazoku|ご家族
keigo-bikago-gojuusho|ご住所
keigo-bikago-otearai|お手洗い
keigo-bikago-gochisou|ご馳走様
keigo-bikago-otsuri|お釣り
